"RT @guneyli_cocuk: KÃ¼Ã§Ã¼k resim, bÃ¼yÃ¼k resim! KÃ¼Ã§Ã¼k resimde alÃ§ak olup bÃ¼yÃ¼k resimde insan kalamazsÄ±n. ZulÃ¼mle iÅŸ tutanÄ±n resmi, kararmÄ±ÅŸ yÃ¼â€¦"
@chamomileq cidden mi???
@asbriefas up
@mavikaranfilli sabah arkadaÅŸla bunu konuÅŸtuk. ilginÃ§ ÅŸeyler.
@sharno3 agree
@sharno3 well prepared :D but I couldnt find howls moving castle theme
"@mavikaranfilli saat 4.11, Merve gitti, biz hala uyuyamadÄ±k. ZalÄ±m merve"
@mavikaranfilli uyandÄ±rdÄ± resmen ya
@mavikaranfilli Allahtan bu sefer benim dÄ±ÅŸÄ±mda 1 kiÅŸi vardÄ±
Bu manyak yine ben uyurken odama gelip herkesi uyandÄ±rdÄ± ---&gt; @mavikaranfilli
Garip bi hÃ¼zÃ¼n tabi
RT @FerhatEncu: Onlar taÅŸ Ã¼stÃ¼nde taÅŸ bÄ±rakmama derdinde bizler ise taÅŸ Ã¼stÃ¼ne taÅŸ koyma derdindeyiz. DayanÄ±ÅŸma zamanÄ±. https://t.co/d4t77tâ€¦
Herkesler bÄ±kmÄ±ÅŸ https://t.co/RePFwDFYkW
"RT @ademilter: yorumlar birbirinden harika ğŸ˜‚ğŸ˜‚ğŸ˜‚

Ä°nterneti Ã§Ã¶kerten TÃ¼rk HÃ¼rriyet'e konuÅŸtu
https://t.co/KNv16917ex"
RT @Aliyedrej: Konforunun bozulmasÄ±ndan korkan herkesin ÅŸunu bilmesi lazÄ±m. Bu fotoÄŸraf karesini unutmaya niyetli bir nesil yok. https://t.â€¦
@mavikaranfilli yapma.
"RT @emekcimuhendis: ""UÄŸruna yaÅŸamaya deÄŸer olmayan hiÃ§bir ÅŸey; uÄŸruna Ã¶lmeye nasÄ±l deÄŸsin ki!"" @guneyli_cocuk @otdergi https://t.co/rUfswx8â€¦"
https://t.co/AWS6zVVJO9
"RT @sivilses: 'Medya ve Temsil'
31 Mart PerÅŸembe
@kitaplikahve
@feyza_ae @aslitelli @yigit_bozkurt
https://t.co/oXpuicQBd8 https://t.co/IYqâ€¦"
https://t.co/EA7bMhZ5oo
@asbriefas gardrobuma bakÄ±nca gÃ¶rdÃ¼ÄŸÃ¼m.
siyahsiyahsiyahsiyahbeyazsiyahsiyahsiyahlacivertsiyahsiyahsiyahsiyahkahverengisiyahsiyahkÄ±rmÄ±zÄ±siyahsiyahsiyahsiyahgrisiyahsiyahyeÅŸilsiyah
@Ozgryzlmgunleri canlÄ± yayÄ±n yapÄ±p linki burdan duyursanÄ±z ne gÃ¼zel olur.
@asbriefas https://t.co/0A807GANrG
https://t.co/YD6C9suv8l
Sadece gÃ¶zlerimi dinlendiricem -.-
RT @guneyli_cocuk: 'Ã‡ocuk istismarÄ± iÃ§in komisyon' Ã¶nerisine AkP oylarÄ±yla redâ€¼ï¸ BÃ¶yle bir konuda bile sembolik de olsa insanca davranamaz â€¦
bi yerde 'alfa' yazÄ±yosa hiÃ§ okumaya yeltenmiyorum.
"RT @sivilses: 'Sivil Toplum'
24 Mart PerÅŸembe
@kitaplikahve'de
@ademcaylak @BegumBasdas
https://t.co/wQHa1kpcr3 https://t.co/h8zUNYchQs"
"RT @sivilses: 'Sanat ve KÃ¼ltÃ¼r'
21 Mart Pazartesi
@kitaplikahve'de
Ä°rvin Cemil Schick @busra_bulut
https://t.co/XUyJazLrDT https://t.co/GOSâ€¦"
@asbriefas gÃ¼nlÃ¼k kavgamÄ±zÄ± ettiÄŸimize gÃ¶re gidip yatabiliriz
Manyak mÄ±yÄ±z biz
@asbriefas canÄ± terk edenler deli deÄŸildir.
"bilmem bizi ne civara yazmÄ±ÅŸlar.
https://t.co/Ck9O8ak4yA"
"RT @sivilses: 'Ã–teki ve Makbul VatandaÅŸ'
17 Mart PerÅŸembe
@kitaplikahve'de
@mesutyegen @yusufenessezgin
https://t.co/tVlgRoGgJW https://t.câ€¦"
Bilmiyorum
@mcelen_ Kemal hoca ifadesi
"RT @sivilses: 'Ä°deoloji'
14 Mart Pazartesi
18.30'da
@kitaplikahve'de
@yukseltaskinn Fatih BÃ¼tÃ¼n
https://t.co/MRgEWEKnw0 https://t.co/iQhDRCâ€¦"
@qbitclub java workshop with @sharno3 https://t.co/KCSRKX5avN
Ctv dersinde Survivor geyiÄŸi
PlanlarÄ±nÄ±z da salonlarÄ±nÄ±z da sizin olsun. Elimizin yettiÄŸiyle bizbize daha gÃ¼zeliz https://t.co/eSiMsQu2Cs
"RT @sivilses: 'Din'
8 Mart SalÄ±
18.30'da
@kitaplikahve'de
@ilhamiguler59 DerviÅŸ AydÄ±n AkkoÃ§
https://t.co/qVJrAZw4KQ https://t.co/94pe10JrGy"
RT @azadesel: Bu okul iyicene kÃ¶tÃ¼leÅŸmeye baÅŸladÄ± https://t.co/ej8ZsOXSeV
"photoshop um olmadan Ã§ok eksik hissediyorum. Biri bana OSX iÃ§in full photoshop bulsun Allah  rÄ±zasÄ± iÃ§in, rt pls."
RT @FerhatEncu: Ã‡ok Ã§alÄ±ÅŸtÄ±k! https://t.co/mjvt98Q00u
Ã–lÃ¼m Ãœzerine DÃ¼ÅŸÃ¼nceler(II) | DerviÅŸ AydÄ±n AkkoÃ§ | Birikim Dergisi : https://t.co/NUpF6BJqjb
"RT @sivilses: 'SÄ±nÄ±f:Emek/Sermaye'
7 Mart Pazartesi
18:30da
@kitaplikahve'de
@ferhatkentel @alev_erkilet 
https://t.co/YmzQCp0HjH https://tâ€¦"
"RT @sivilses: ProgramÄ±n gÃ¼ncel halidir. Salonlar duyurulacaktÄ±r.
Bizi facebook'tan da takip edebilirsiniz
https://t.co/sOhowCpvNz https://tâ€¦"
"RT @sivilses: @wahthit @kitaplikahve @hiyenigun @cengizcagla merhaba,
 kayÄ±t alÄ±nacak, hatta transkriptini alip daha sonra kitaplaÅŸtÄ±rmayÄ± â€¦"
bekleriz!  https://t.co/QjgoMfbHIE
"RT @sivilses: Åehir Ãœniversitesi'nin SansÃ¼rÃ¼ne Mahsuben;
https://t.co/hguxQA38IP https://t.co/hd5TSSW1oT"
"S.a, Yine derste ingilizce konuÅŸamadÄ±m"
@azadesel @morbiray helloo Mr.White!
"@morbiray diÄŸer bloÄŸa geÃ§tim, vazgeÃ§tim :/"
Meraba ben kitap okumayÄ± sevemiyorum. AynÄ± anda mÃ¼zik dinleyerek kendimi odaklayabiliyorum bazen. O da bazen iÅŸte. Ä°yi akÅŸamlar.
@hortumcuzk sÃ¼pÃ¼rge makineleri?
RT @sivilses: TÃ¼m programlar Åehir Ãœniversitesi'nde yapÄ±lacaktÄ±r. Salonlar Ã¶nÃ¼mÃ¼zdeki gÃ¼nlerde duyurulacaktÄ±r.
"RT @sivilses: ""Ä°ktidarÄ±n SoykÃ¼tÃ¼kleri"" programÄ±mÄ±zÄ±n zaman Ã§izelgesidir.
Forum-TartÄ±ÅŸma oturumlarÄ±mÄ±za herkesi bekleriz. https://t.co/BpodHâ€¦"
"RT @sihabcemiyet: ""MÃ¼lteci AlgÄ±sÄ±"" baÅŸlÄ±klÄ± 6.MÃ¼slÃ¼man Ã–ÄŸrenciler BuluÅŸuyor'un videolarÄ±na bu linkten ulaÅŸabilirsiniz: @mahallihareket
httpâ€¦"
"free free gÃ¼zel dersler:
""Typography That Works: Typographic Composition and Fonts"" @Skillshare! 
https://t.co/4uXwZtDSz1"
"""Icon Design: Creating Pictograms with Purpose"", free @Skillshare! class https://t.co/d5F5OYNBeC"
Neden timeout anlatsana biraz https://t.co/HYW3Dej4p7
"""KÄ±zÄ±m sen eskiden bÃ¶yle deÄŸildin"""
"ABC
https://t.co/cFTOEpswhF"
@asbriefas insan gerÃ§ekten hayret ediyor.
Operating Systems dersini dinledikten sonra bilgisayarÄ± aÃ§maya kÄ±yamadÄ±k.
"BaÅŸka Bir Åey - Lan Olm Kalk https://t.co/efT8AbYLbV
#baÅŸkabirÅŸey"
GÃ¼ven verenler ve diÄŸerleri
@taleclouds bu rÃ¼yaya amin denir. Amin
@mcelen_ Allah sabÄ±r versin karÅŸim  benim 3e kadar boÅŸ
@asbriefas Bahar ne gÃ¼zel ÅŸey
Uzun zamandÄ±r hiÃ§ bu kadar uykumu almÄ±ÅŸ bi ÅŸekilde kalkmamÄ±ÅŸtÄ±m. 6-7 saat uyumama raÄŸmen hem de
"RT @sivilses: Ä°ktidarÄ±n SoykÃ¼tÃ¼kleri baÅŸlÄ±klÄ± programÄ±mÄ±zÄ±n alt baÅŸlÄ±klarÄ± ÅŸu ÅŸekildedir:

https://t.co/rD6dvHUvGN https://t.co/QDhiqATx0h"
@hortumcuzk bunu yapalÄ±m
"Ä°lerdeki gÃ¼zel gÃ¼nler
Beni gÃ¶rmeyecek onlar
Bari selam yollasÄ±nlar
Geberiyorum kederden

https://t.co/szTyaJlmiD"
Bi iÅŸe heyecanla baÅŸlamak kolay. Devam ettirmek mesele. HiÃ§ te baÅŸlamak baÅŸarmanÄ±n yarÄ±sÄ± falan deÄŸil.
Hay ben sizin kadÄ±n algÄ±nÄ±za da fazla korumacÄ±lÄ±ÄŸÄ±nÄ±za da paranoyalarÄ±nÄ±za da tÃ¼kÃ¼reyim.
RT @Aliyedrej: Ne sÃ¶ylesek iÃ§imiz soÄŸumuyor..
"Ä°ÅŸte bunlar hep yazÄ±lÄ±m. 

https://t.co/tkVa7L9kEw"
"Ahmet Aslan - Åu KanlÄ± Zalimin EttiÄŸi Ä°ÅŸler  
https://t.co/R39eJelXih"
https://t.co/KNQ5656vVv
"""GÃ¼zel Yalanlar""
""huzurlu Ã¶lme Ã§abasÄ±"""
"RT @yokusyola: aÄŸrÄ±yoruz, doÄŸrudur. https://t.co/S64xD0DcnS"
Yeni bir kararÄ±mda onu daha Ã§ok ...
RT @sivilses: Listedekiler de okuyacagimiz kitaplardir. Programa hazirlik mahiyetinde okunmasÄ± tavsiye edilir.
RT @sivilses: Ä°ktidar mekanizmasÄ±nÄ± tahlil etmek iÃ§in ikiÅŸer konuÅŸmacÄ± ile on ayrÄ± program tertip edilecektir.
"RT @sivilses: Ä°kinci dÃ¶nem yapmayÄ± planladÄ±ÄŸÄ±mÄ±z on oturumluk ""Ä°ktidarÄ±n SoykÃ¼tÃ¼kleri"" Ã¼st baÅŸlÄ±klÄ± programÄ±mÄ±zÄ±n kitap listesidir https://â€¦"
RT @zencidervis: Åehir'de iki Ã¶ÄŸrenci hareketi tek Ã§atÄ± altÄ±nda birleÅŸmiÅŸ ve okumalara baÅŸlÄ±yor. Liste Ã§ok saÄŸlam olmuÅŸ. #fbooklist https:/â€¦
SaÄŸlam toplandÄ±k --&gt; @sivilses
"RT @sihabcemiyet: SessizliÄŸi bozan, yeni bir soluk getiren bir ekip var, Åehir yerelinde yeni bir oluÅŸum, saÄŸlam bir programla merhaba diyoâ€¦"
@taleclouds tÃ¶beler olsun ya...
Hmmmm https://t.co/aOSB7SHRz3
"RT @bunsenbeki: askerin kurÅŸuna dizdiÄŸi katÄ±rlar iÃ§in ""katÄ±rlar kendisi intihar etti"" diyen ÅŸÄ±rnak valisi: ""ambulans gitti ama yaralÄ±lar amâ€¦"
Hay gerizekalÄ±lar https://t.co/fsBZA3WJy6
RT @DikenComTr: AnlaÅŸma saÄŸlandÄ±: Bodrumda mahsur kalan yaralÄ±lar birbirini taÅŸÄ±yacak @tuncaogreten https://t.co/oS35sjeAan https://t.co/Lmâ€¦
@CmrtesiAnneleri  periscope: https://t.co/sGAlbgL3bo  #CumartesiAnneleri
@hudaozdemir adÄ± neydi bunun
@taleclouds ikbal'i yine okuyamadÄ±m
RT @FaysalSaryldz: KaymakamlÄ±kla irtibat halinde gÃ¶nderdiÄŸimiz ambulanslardan Ã¶nce zÄ±rhlÄ± araÃ§lar kuÅŸatmÄ±ÅŸ bodrumun etrafÄ±nÄ±. Bu katliamcÄ± â€¦
"RT @FaysalSaryldz: DEHÅET BODRUMUNDAN:                       ""Sdece 5 cenazemiz var. Daha fazla olursa bilinki infazdÄ±r!""  CÄ°ZRE"
"""Keep it small. Keep it simple. Let it happen."" #gettingreal"
"RT @140journos: HDP'li vekiller Cizre'de bir binada bulunan yaralÄ±larla ilgili, DavutoÄŸlu ile konuÅŸmak istedi: ""Ä°nsanlar Ã¶lÃ¼yor"" https://t.â€¦"
BakalÄ±m Ä°brahim'le aynÄ± yere varacak mÄ±yÄ±z.
Sonra farkettim ki sesli konuÅŸmuyomuÅŸum
@morbiray ama ablam Ã§amaÅŸÄ±r suyu yerine kokulu biÅŸey(mesela biraz yumuÅŸatÄ±cÄ±) koyup kaynatÄ±r
@morbiray ciddi deÄŸil. SakÄ±n yapma ğŸ˜„
@morbiray cezvede suya Ã§amaÅŸÄ±r suyu karÄ±ÅŸtÄ±p kaynat
@hortumcuzk Obviously.
"RT @guneyli_cocuk: BARIÅ Ä°Ã‡Ä°N ELELE Ä°NSAN ZÄ°NCÄ°RÄ°
30 ocak Cumartesi Taksim TÃ¼nel MeydanÄ±. Sen de katÄ±l. https://t.co/0jBR5GW8Z5"
Neden yaÅŸÄ±yorsunuz?
"""Ulussuz, SÄ±nÄ±rsÄ±z, SÃ¼rgÃ¼nsÃ¼z Bir DÃ¼nya..."" https://t.co/gbXHgW2kce"
RT @guneyli_cocuk: YÄ±ktÄ±ÄŸÄ±nÄ±z her yuva vurduÄŸunuz her can iÃ§in Cehennem'den bir vatan edindiniz ve Ã¼lkenin geleceÄŸini dinamitlediniz... httâ€¦
"RT @guneyli_cocuk: Suriye deÄŸil, #Cizre bu. TR'nin sistemin ipoteÄŸinden Ã§Ä±kmak iÃ§in son ÅŸansÄ± olan KÃ¼rtlerle ortaklÄ±ÄŸÄ±nÄ±n yÄ±kÄ±lÄ±ÅŸÄ± bu.. httâ€¦"
RT @Abdul_kadir_bal: Ä°stanbul SokaklarÄ±nda Eski AyakkabÄ±larÄ± Satmaya Ã‡alÄ±ÅŸarak YaÅŸayan Bir Evsiz https://t.co/es2iUPEa5T
"@muhtaryasir @hudaozdemir ""TÃ¼m FSMVÃœ Ã¶ÄŸrencileri iÃ§in"""
"Para olmayÄ±nca kitap alma taktiÄŸi:
Kargo kapÄ±ya gelince: ""Baba kitap sipariÅŸ ettim ama param yok, ehe"""
@senefii @hortumcuzk @taleclouds @hudaozdemir @satuskicha sus kÄ±z gelinler Ã§ok konuÅŸmaz
@hudaozdemir @hortumcuzk @senefii @taleclouds @satuskicha ben varÄ±mâœ‹ğŸ˜„
How long it takes to become SH? @hudaozdemir #sherlock
@hudaozdemir @senefii tÃ¼h be..
@hudaozdemir @senefii fight!
"RT @emekadalet: KÃ¼Ã§Ã¼cÃ¼k kullar, kendilerini Rezzak sanmasÄ±n! https://t.co/NAyYw8iXPA"
BÄ±rakÄ±n ne halimiz varsa gÃ¶relim
BÄ±rakÄ±n ne halleri varsa gÃ¶rsÃ¼nler
Haber gibi haber be. Not only siyaset but also teknoloji  https://t.co/u5ZDengipQ
"RT @busra_bulut: Halil Ä°brahim abi Ã§ok ÅŸÄ±k ""dalga geÃ§miÅŸ"".. ne saÃ§ma gÃ¼nlerdeyiz.
""MedenÃ® insanlar dÃ¼ÅŸÃ¼nceye medenÃ®ce cevap verir"" https://â€¦"
"Ä°nsan kendini Breaking Bad remixleri dinlerken buluyor...goddamn right.
https://t.co/Qxs6Fn3frd"
#KÃ¼rtÃ§eBirÅeySÃ¶yle edi bisekine https://t.co/dFnEsmS6pJ
"RT @guneyli_cocuk: SAVAÅ DEÄÄ°L, Ã‡Ã–ZÃœM Ä°STÄ°YORUZ!
BarÄ±ÅŸ iÃ§in Adil Åahitler Ã‡aÄŸrÄ±sÄ±. Ä°mzalayÄ±n, paylaÅŸÄ±n! #HerkesÄ°Ã§inBarÄ±ÅŸAdaletEÅŸitlik
httpsâ€¦"
"RT @guneyli_cocuk: MÃ¼slÃ¼man ya da deÄŸil farketmiyor, iktidarÄ±n pozisyonuna ters herkesin ekmeÄŸi, Ã¶zgÃ¼rlÃ¼ÄŸÃ¼ hatta hayatÄ± tehdit altÄ±nda. httâ€¦"
RT @nevzatpolanyi: Hocam bin kÃ¼sÃ¼r kiÅŸi iÅŸten atÄ±lÄ±p birkaÃ§Ä± da Ã¶ldÃ¼rÃ¼ldÃ¼kten sonra senle bildirinin Ã¶rgÃ¼t ÅŸiddetini Ä±skalayan tarafÄ±nÄ± tarâ€¦
enthusiasm! #hacking https://t.co/ctzBlIodHB
"""KÃ¶tÃ¼lÃ¼ÄŸe katlanmak yerine karÅŸÄ± Ã¶fkeyi azat etmek"""
Pislik https://t.co/ggB2YH3v2h
RT @trscbrs: DÃ¼nya vatandaÅŸÄ± olun. Tek kurtuluÅŸ bu.
@nuraaksu baÅŸka yol bÄ±rakmayanlarÄ± oyuna getirelim kardeÅŸim
@hudaozdemir aradÄ±ÄŸÄ±mda nerde olursan :D
@hudaozdemir bu hafta sana Ã§atkapÄ± yapabilirim
@hacertilbec biri bana bireyselleÅŸen insanlarÄ±n neden bir noktadan sonra ilkesizleÅŸtiÄŸini anlatsÄ±n
"Ahlak toplumsal iliÅŸkilerde ortaya Ã§Ä±kÄ±yosa, bireysellik ahlaksÄ±zlÄ±ktÄ±r."
@nuraaksu @hortumcuzk ev Ã§ok sÄ±kÄ±cÄ± arkadaÅŸlar. sÄ±navÄ±m olsa daha iyiydi diyicem neredeyse.
https://t.co/aYLjL1K5ls
@hudaozdemir Ä°stanbul hanÄ±mefendisini ne hale getirmiÅŸiniz
"RT @cemdinlenmis: Bunu 4 ay Ã¶nce Ã§izmiÅŸtim.
O zaman karikatÃ¼rde abartÄ± olan normalleÅŸti, gerÃ§eÄŸe gÃ¶re hafif kaldÄ±.
#SavaÅŸaHayÄ±r https://t.câ€¦"
"TwitterÄ± ""iÅŸte bunlar hep informeyÅŸÄ±n"" ilkesiyle kullanÄ±cam."
@taleclouds bakalÄ±m ne kadar durabilicem buralarda :)
"RT @bunsenbeki: dÃ¼nyanÄ±n 8. bÃ¼yÃ¼k ordusu, 6 aylÄ±k bebeÄŸi ve 80 yaÅŸÄ±ndaki dedesini Ã¶ldÃ¼rerek vatanÄ± bÃ¶ldÃ¼rmemiÅŸ. yaradÄ±lanÄ± da severlermiÅŸ yâ€¦"
